{
    "act_quant_info": {
        "images": 0.9960784902796149,
        "/model.0/conv/Conv_output_0": 69.50447088479996,
        "/model.0/act/Sigmoid_output_0": 69.50447088479996,
        "/model.0/act/Mul_output_0": 69.50447088479996,
        "/model.1/conv/Conv_output_0": 108.7773432135582,
        "/model.1/act/Sigmoid_output_0": 108.7773432135582,
        "/model.1/act/Mul_output_0": 108.7773432135582,
        "/model.2/cv1/conv/Conv_output_0": 27.250670179724693,
        "/model.2/cv1/act/Sigmoid_output_0": 27.250670179724693,
        "/model.2/cv1/act/Mul_output_0": 27.250670179724693,
        "/model.2/Split_output_1": 33.25550630688667,
        "/model.2/m.0/cv1/conv/Conv_output_0": 42.33137023448944,
        "/model.2/m.0/cv1/act/Sigmoid_output_0": 42.33137023448944,
        "/model.2/m.0/cv1/act/Mul_output_0": 42.33137023448944,
        "/model.2/m.0/cv2/conv/Conv_output_0": 33.25550630688667,
        "/model.2/m.0/cv2/act/Sigmoid_output_0": 33.25550630688667,
        "/model.2/m.0/cv2/act/Mul_output_0": 33.25550630688667,
        "/model.2/m.0/Add_output_0": 33.25550630688667,
        "/model.2/Concat_output_0": 33.25550630688667,
        "/model.2/cv2/conv/Conv_output_0": 14.648689307272434,
        "/model.2/cv2/act/Sigmoid_output_0": 14.648689307272434,
        "/model.2/cv2/act/Mul_output_0": 14.648689307272434,
        "/model.3/conv/Conv_output_0": 8.338290095329285,
        "/model.3/act/Sigmoid_output_0": 8.338290095329285,
        "/model.3/act/Mul_output_0": 8.338290095329285,
        "/model.4/cv1/conv/Conv_output_0": 9.548718422651291,
        "/model.4/cv1/act/Sigmoid_output_0": 9.548718422651291,
        "/model.4/cv1/act/Mul_output_0": 9.548718422651291,
        "/model.4/Split_output_1": 12.354303024709225,
        "/model.4/m.0/cv1/conv/Conv_output_0": 8.283635266125202,
        "/model.4/m.0/cv1/act/Sigmoid_output_0": 8.283635266125202,
        "/model.4/m.0/cv1/act/Mul_output_0": 8.283635266125202,
        "/model.4/m.0/cv2/conv/Conv_output_0": 12.354303024709225,
        "/model.4/m.0/cv2/act/Sigmoid_output_0": 12.354303024709225,
        "/model.4/m.0/cv2/act/Mul_output_0": 12.354303024709225,
        "/model.4/m.0/Add_output_0": 12.354303024709225,
        "/model.4/m.1/cv1/conv/Conv_output_0": 8.490072898566723,
        "/model.4/m.1/cv1/act/Sigmoid_output_0": 8.490072898566723,
        "/model.4/m.1/cv1/act/Mul_output_0": 8.490072898566723,
        "/model.4/m.1/cv2/conv/Conv_output_0": 12.354303024709225,
        "/model.4/m.1/cv2/act/Sigmoid_output_0": 12.354303024709225,
        "/model.4/m.1/cv2/act/Mul_output_0": 12.354303024709225,
        "/model.4/m.1/Add_output_0": 12.354303024709225,
        "/model.4/Concat_output_0": 12.354303024709225,
        "/model.4/cv2/conv/Conv_output_0": 13.175152115523815,
        "/model.4/cv2/act/Sigmoid_output_0": 13.175152115523815,
        "/model.4/cv2/act/Mul_output_0": 13.175152115523815,
        "/model.5/conv/Conv_output_0": 11.635236382484436,
        "/model.5/act/Sigmoid_output_0": 11.635236382484436,
        "/model.5/act/Mul_output_0": 11.635236382484436,
        "/model.6/cv1/conv/Conv_output_0": 16.489636659622192,
        "/model.6/cv1/act/Sigmoid_output_0": 16.489636659622192,
        "/model.6/cv1/act/Mul_output_0": 16.489636659622192,
        "/model.6/Split_output_1": 16.810605213046074,
        "/model.6/m.0/cv1/conv/Conv_output_0": 9.829585067927837,
        "/model.6/m.0/cv1/act/Sigmoid_output_0": 9.829585067927837,
        "/model.6/m.0/cv1/act/Mul_output_0": 9.829585067927837,
        "/model.6/m.0/cv2/conv/Conv_output_0": 16.810605213046074,
        "/model.6/m.0/cv2/act/Sigmoid_output_0": 16.810605213046074,
        "/model.6/m.0/cv2/act/Mul_output_0": 16.810605213046074,
        "/model.6/m.0/Add_output_0": 16.810605213046074,
        "/model.6/m.1/cv1/conv/Conv_output_0": 9.673004910349846,
        "/model.6/m.1/cv1/act/Sigmoid_output_0": 9.673004910349846,
        "/model.6/m.1/cv1/act/Mul_output_0": 9.673004910349846,
        "/model.6/m.1/cv2/conv/Conv_output_0": 16.810605213046074,
        "/model.6/m.1/cv2/act/Sigmoid_output_0": 16.810605213046074,
        "/model.6/m.1/cv2/act/Mul_output_0": 16.810605213046074,
        "/model.6/m.1/Add_output_0": 16.810605213046074,
        "/model.6/Concat_output_0": 16.810605213046074,
        "/model.6/cv2/conv/Conv_output_0": 10.45538054406643,
        "/model.6/cv2/act/Sigmoid_output_0": 10.45538054406643,
        "/model.6/cv2/act/Mul_output_0": 10.45538054406643,
        "/model.7/conv/Conv_output_0": 12.71998916566372,
        "/model.7/act/Sigmoid_output_0": 12.71998916566372,
        "/model.7/act/Mul_output_0": 12.71998916566372,
        "/model.8/cv1/conv/Conv_output_0": 14.91172058135271,
        "/model.8/cv1/act/Sigmoid_output_0": 14.91172058135271,
        "/model.8/cv1/act/Mul_output_0": 14.91172058135271,
        "/model.8/Split_output_1": 23.20144195854664,
        "/model.8/m.0/cv1/conv/Conv_output_0": 18.271678745746613,
        "/model.8/m.0/cv1/act/Sigmoid_output_0": 18.271678745746613,
        "/model.8/m.0/cv1/act/Mul_output_0": 18.271678745746613,
        "/model.8/m.0/cv2/conv/Conv_output_0": 23.20144195854664,
        "/model.8/m.0/cv2/act/Sigmoid_output_0": 23.20144195854664,
        "/model.8/m.0/cv2/act/Mul_output_0": 23.20144195854664,
        "/model.8/m.0/Add_output_0": 23.20144195854664,
        "/model.8/Concat_output_0": 23.20144195854664,
        "/model.8/cv2/conv/Conv_output_0": 15.250402443110943,
        "/model.8/cv2/act/Sigmoid_output_0": 15.250402443110943,
        "/model.8/cv2/act/Mul_output_0": 15.250402443110943,
        "/model.9/cv1/conv/Conv_output_0": 9.350725837051868,
        "/model.9/cv1/act/Sigmoid_output_0": 9.350725837051868,
        "/model.9/cv1/act/Mul_output_0": 9.350725837051868,
        "/model.9/m/MaxPool_output_0": 9.350725837051868,
        "/model.9/m_1/MaxPool_output_0": 9.350725837051868,
        "/model.9/m_2/MaxPool_output_0": 9.350725837051868,
        "/model.9/Concat_output_0": 9.350725837051868,
        "/model.9/cv2/conv/Conv_output_0": 9.66331084817648,
        "/model.9/cv2/act/Sigmoid_output_0": 9.66331084817648,
        "/model.9/cv2/act/Mul_output_0": 10.45538054406643,
        "/model.10/Resize_output_0": 10.45538054406643,
        "/model.11/Concat_output_0": 10.45538054406643,
        "/model.12/cv1/conv/Conv_output_0": 12.352904506027699,
        "/model.12/cv1/act/Sigmoid_output_0": 12.352904506027699,
        "/model.12/cv1/act/Mul_output_0": 12.352904506027699,
        "/model.12/Split_output_1": 9.434315241873264,
        "/model.12/m.0/cv1/conv/Conv_output_0": 10.697858892381191,
        "/model.12/m.0/cv1/act/Sigmoid_output_0": 10.697858892381191,
        "/model.12/m.0/cv1/act/Mul_output_0": 10.697858892381191,
        "/model.12/m.0/cv2/conv/Conv_output_0": 12.584062233567238,
        "/model.12/m.0/cv2/act/Sigmoid_output_0": 12.584062233567238,
        "/model.12/m.0/cv2/act/Mul_output_0": 12.584062233567238,
        "/model.12/Concat_output_0": 12.584062233567238,
        "/model.12/cv2/conv/Conv_output_0": 10.711871519684792,
        "/model.12/cv2/act/Sigmoid_output_0": 10.711871519684792,
        "/model.12/cv2/act/Mul_output_0": 13.175152115523815,
        "/model.13/Resize_output_0": 13.175152115523815,
        "/model.14/Concat_output_0": 13.175152115523815,
        "/model.15/cv1/conv/Conv_output_0": 6.443247605115175,
        "/model.15/cv1/act/Sigmoid_output_0": 6.443247605115175,
        "/model.15/cv1/act/Mul_output_0": 6.443247605115175,
        "/model.15/Split_output_1": 5.38456990942359,
        "/model.15/m.0/cv1/conv/Conv_output_0": 7.378515962511301,
        "/model.15/m.0/cv1/act/Sigmoid_output_0": 7.378515962511301,
        "/model.15/m.0/cv1/act/Mul_output_0": 7.378515962511301,
        "/model.15/m.0/cv2/conv/Conv_output_0": 8.245778746902943,
        "/model.15/m.0/cv2/act/Sigmoid_output_0": 8.245778746902943,
        "/model.15/m.0/cv2/act/Mul_output_0": 8.245778746902943,